Ligand_1000851 ,
Ligand_1000929 ,
Ligand_1000935 ,
Ligand_1001330 ,
Ligand_1001372 ,
Ligand_1001383 ,
Ligand_1001422 ,
Ligand_1001461 ,
Ligand_1001497 ,
Ligand_1001780 ,
Ligand_1002816 ,
Ligand_1002879 ,
Ligand_100336 ,
Ligand_1008975 ,
Ligand_1021009 ,
Ligand_10228 ,
Ligand_1022975 ,
Ligand_1022986 ,
Ligand_1023014 ,
Ligand_1023022 ,
Ligand_1023023 ,
Ligand_1023109 ,
Ligand_1023130 ,
Ligand_10251 ,
Ligand_10286 ,
Ligand_102928 ,
Ligand_1032571 ,
Ligand_1035032 ,
Ligand_1035041 ,
Ligand_1035043 ,
Ligand_1035305 ,
Ligand_1035563 ,
Ligand_1035808 ,
Ligand_1038718 ,
Ligand_1038720 ,
Ligand_1038782 ,
Ligand_1040948 ,
Ligand_1040951 ,
Ligand_1041075 ,
Ligand_1041615 ,
Ligand_1043848 ,
Ligand_1045060 ,
Ligand_1045062 ,
Ligand_1045063 ,
Ligand_104522 ,
Ligand_1045427 ,
Ligand_1045610 ,
Ligand_1045614 ,
Ligand_1045620 ,
Ligand_1045621 ,
Ligand_1045839 ,
Ligand_1045840 ,
Ligand_1045841 ,
Ligand_1045849 ,
Ligand_1045850 ,
Ligand_10658 ,
Ligand_1069873 ,
Ligand_1070185 ,
Ligand_1072008 ,
Ligand_10748 ,
Ligand_1075108 ,
Ligand_1075117 ,
Ligand_1075119 ,
Ligand_1078073 ,
Ligand_107905 ,
Ligand_1079178 ,
Ligand_1080587 ,
Ligand_1080594 ,
Ligand_108104 ,
Ligand_1085567 ,
Ligand_10858865 ,
Ligand_108770 ,
Ligand_1088805 ,
Ligand_1088809 ,
Ligand_1088810 ,
Ligand_1091384 ,
Ligand_1103814 ,
Ligand_1107528 ,
Ligand_11075707 ,
Ligand_1108431 ,
Ligand_1109326 ,
Ligand_1111845 ,
Ligand_1111901 ,
Ligand_1112325 ,
Ligand_1112430 ,
Ligand_1117052 ,
Ligand_112912 ,
Ligand_1130508 ,
Ligand_11349 ,
Ligand_1144816 ,
Ligand_1153436 ,
Ligand_1159691 ,
Ligand_1159996 ,
Ligand_1164648 ,
Ligand_1169188 ,
Ligand_1177264 ,
Ligand_1178978 ,
Ligand_11790 ,
Ligand_1180299 ,
Ligand_1180303 ,
Ligand_1181057 ,
Ligand_1182946 ,
Ligand_1182947 ,
Ligand_118328 ,
Ligand_1183466 ,
Ligand_11838264 ,
Ligand_11840825 ,
Ligand_11842476 ,
Ligand_1184513 ,
Ligand_1184516 ,
Ligand_1184526 ,
Ligand_1184527 ,
Ligand_1184566 ,
Ligand_1184574 ,
Ligand_1185379 ,
Ligand_1188419 ,
Ligand_1188476 ,
Ligand_118870 ,
Ligand_1192617 ,
Ligand_1192619 ,
Ligand_1193118 ,
Ligand_119835 ,
Ligand_120014 ,
Ligand_12003550 ,
Ligand_120586 ,
Ligand_1207331 ,
Ligand_1219334 ,
Ligand_1219562 ,
Ligand_1219565 ,
Ligand_1219573 ,
Ligand_1222626 ,
Ligand_1222655 ,
Ligand_12233955 ,
Ligand_1225604 ,
Ligand_1225703 ,
Ligand_1225766 ,
Ligand_1225917 ,
Ligand_12309904 ,
Ligand_1236027 ,
Ligand_1237609 ,
Ligand_1239204 ,
Ligand_1242688 ,
Ligand_1243980 ,
Ligand_1243992 ,
Ligand_1244139 ,
Ligand_1244163 ,
Ligand_1244168 ,
Ligand_1244202 ,
Ligand_1244287 ,
Ligand_1244303 ,
Ligand_1244310 ,
Ligand_1244317 ,
Ligand_1244328 ,
Ligand_1244356 ,
Ligand_1244455 ,
Ligand_1244992 ,
Ligand_1245020 ,
Ligand_1245033 ,
Ligand_1245179 ,
Ligand_1245189 ,
Ligand_1245243 ,
Ligand_1245247 ,
Ligand_1245259 ,
Ligand_1245277 ,
Ligand_1245281 ,
Ligand_1245426 ,
Ligand_1245453 ,
Ligand_1245494 ,
Ligand_1245525 ,
Ligand_1245573 ,
Ligand_1245644 ,
Ligand_1245648 ,
Ligand_1245652 ,
Ligand_1245693 ,
Ligand_1245763 ,
Ligand_1245772 ,
Ligand_1245773 ,
Ligand_1245787 ,
Ligand_1245881 ,
Ligand_1245921 ,
Ligand_1246023 ,
Ligand_1246043 ,
Ligand_1246058 ,
Ligand_1246064 ,
Ligand_1246140 ,
Ligand_1246163 ,
Ligand_1246204 ,
Ligand_1246213 ,
Ligand_1246235 ,
Ligand_1246259 ,
Ligand_1246370 ,
Ligand_1246410 ,
Ligand_1246456 ,
Ligand_1246500 ,
Ligand_1246522 ,
Ligand_1246523 ,
Ligand_1246564 ,
Ligand_1246577 ,
Ligand_1246581 ,
Ligand_1246585 ,
Ligand_1246624 ,
Ligand_1246705 ,
Ligand_1246738 ,
Ligand_1246743 ,
Ligand_1246781 ,
Ligand_1246794 ,
Ligand_1246809 ,
Ligand_1246861 ,
Ligand_1246888 ,
Ligand_1246890 ,
Ligand_1246915 ,
Ligand_1246976 ,
Ligand_1247170 ,
Ligand_1247205 ,
Ligand_1247225 ,
Ligand_1247275 ,
Ligand_1247313 ,
Ligand_1247314 ,
Ligand_1247318 ,
Ligand_1247331 ,
Ligand_1247413 ,
Ligand_1247427 ,
Ligand_1247446 ,
Ligand_1247449 ,
Ligand_1247466 ,
Ligand_1247498 ,
Ligand_1247506 ,
Ligand_1247676 ,
Ligand_1247723 ,
Ligand_1247736 ,
Ligand_1247756 ,
Ligand_1247792 ,
Ligand_1249504 ,
Ligand_1256581 ,
Ligand_1257078 ,
Ligand_1260981 ,
Ligand_1261041 ,
Ligand_1261801 ,
Ligand_1262761 ,
Ligand_1262763 ,
Ligand_1262787 ,
Ligand_1262797 ,
Ligand_1262799 ,
Ligand_1263077 ,
Ligand_1263102 ,
Ligand_1263810 ,
Ligand_1266390 ,
Ligand_1267566 ,
Ligand_1267860 ,
Ligand_1267935 ,
Ligand_1268215 ,
Ligand_1269077 ,
Ligand_1269245 ,
Ligand_1272788 ,
Ligand_1272867 ,
Ligand_1273405 ,
Ligand_1273923 ,
Ligand_1278058 ,
Ligand_1280899 ,
Ligand_1281796 ,
Ligand_1283023 ,
Ligand_1283602 ,
Ligand_1286801 ,
Ligand_1290838 ,
Ligand_1290985 ,
Ligand_12923820 ,
Ligand_1292719 ,
Ligand_1293047 ,
Ligand_1293767 ,
Ligand_1294316 ,
Ligand_1294943 ,
Ligand_1295104 ,
Ligand_1295146 ,
Ligand_1295176 ,
Ligand_1296710 ,
Ligand_1296811 ,
Ligand_1297079 ,
Ligand_1297175 ,
Ligand_1297899 ,
Ligand_1297921 ,
Ligand_1298074 ,
Ligand_1298304 ,
Ligand_1298411 ,
Ligand_1298593 ,
Ligand_1302440 ,
Ligand_1303059 ,
Ligand_1304877 ,
Ligand_1308383 ,
Ligand_1309515 ,
Ligand_1311547 ,
Ligand_1312355 ,
Ligand_13258915 ,
Ligand_1350503 ,
Ligand_1359919 ,
Ligand_1360052 ,
Ligand_1360162 ,
Ligand_1364822 ,
Ligand_1368233 ,
Ligand_1369493 ,
Ligand_1369565 ,
Ligand_1369817 ,
Ligand_1371537 ,
Ligand_1371612 ,
Ligand_13779704 ,
Ligand_1383010 ,
Ligand_13871877 ,
Ligand_1403142 ,
Ligand_1419903 ,
Ligand_1424892 ,
Ligand_1424963 ,
Ligand_1426442 ,
Ligand_1426443 ,
Ligand_142768 ,
Ligand_145726 ,
Ligand_145826 ,
Ligand_146181 ,
Ligand_146492 ,
Ligand_14727689 ,
Ligand_147795 ,
Ligand_14804630 ,
Ligand_14958196 ,
Ligand_1502144 ,
Ligand_1505052 ,
Ligand_1505266 ,
Ligand_1506209 ,
Ligand_1506834 ,
Ligand_1506895 ,
Ligand_1507322 ,
Ligand_1507389 ,
Ligand_1509812 ,
Ligand_1510444 ,
Ligand_1511043 ,
Ligand_1523146 ,
Ligand_1528093 ,
Ligand_1529904 ,
Ligand_1529905 ,
Ligand_1530303 ,
Ligand_1530351 ,
Ligand_1531494 ,
Ligand_1531973 ,
Ligand_1531974 ,
Ligand_1531987 ,
Ligand_1531999 ,
Ligand_1532704 ,
Ligand_1532705 ,
Ligand_1533461 ,
Ligand_1553891 ,
Ligand_1555258 ,
Ligand_1559030 ,
Ligand_1561191 ,
Ligand_1561494 ,
Ligand_156219 ,
Ligand_1562223 ,
Ligand_1563882 ,
Ligand_1563967 ,
Ligand_1563990 ,
Ligand_1564226 ,
Ligand_1566312 ,
Ligand_1567365 ,
Ligand_1567883 ,
Ligand_1567971 ,
Ligand_1576735 ,
Ligand_1576751 ,
Ligand_1576753 ,
Ligand_1578017 ,
Ligand_1578140 ,
Ligand_1578150 ,
Ligand_1579337 ,
Ligand_1579366 ,
Ligand_15800 ,
Ligand_1585210 ,
Ligand_1585899 ,
Ligand_1586762 ,
Ligand_1591020 ,
Ligand_1591269 ,
Ligand_1593883 ,
Ligand_15995207 ,
Ligand_15999612 ,
Ligand_16013338 ,
Ligand_1605164 ,
Ligand_161860 ,
Ligand_1626465 ,
Ligand_1631826 ,
Ligand_1637870 ,
Ligand_1638239 ,
Ligand_16390397 ,
Ligand_1640047 ,
Ligand_1640680 ,
Ligand_1641281 ,
Ligand_16413815 ,
Ligand_1642114 ,
Ligand_16433204 ,
Ligand_16433205 ,
Ligand_16435296 ,
Ligand_16436783 ,
Ligand_16437173 ,
Ligand_16437348 ,
Ligand_16437595 ,
Ligand_16437696 ,
Ligand_16437753 ,
Ligand_16438013 ,
Ligand_16438210 ,
Ligand_1644229 ,
Ligand_1644245 ,
Ligand_1644300 ,
Ligand_16445537 ,
Ligand_16445809 ,
Ligand_16445810 ,
Ligand_16449162 ,
Ligand_1645242 ,
Ligand_1645256 ,
Ligand_1652572 ,
Ligand_165506 ,
Ligand_165521 ,
Ligand_165521_2 ,
Ligand_1659457 ,
Ligand_16654003 ,
Ligand_16654004 ,
Ligand_1676040 ,
Ligand_1676049 ,
Ligand_16762040 ,
Ligand_16762041 ,
Ligand_16762143 ,
Ligand_16763323 ,
Ligand_16763353 ,
Ligand_16763582 ,
Ligand_16766846 ,
Ligand_16766879 ,
Ligand_16767293 ,
Ligand_1680589 ,
Ligand_1695384 ,
Ligand_1695587 ,
Ligand_1695600 ,
Ligand_1695818 ,
Ligand_1695874 ,
Ligand_1696095 ,
Ligand_1696333 ,
Ligand_17010792 ,
Ligand_17021321 ,
Ligand_17022321 ,
Ligand_17087465 ,
Ligand_17087466 ,
Ligand_17087467 ,
Ligand_17087468 ,
Ligand_17087470 ,
Ligand_17087471 ,
Ligand_17105197 ,
Ligand_17112393 ,
Ligand_17112395 ,
Ligand_17112396 ,
Ligand_17112494 ,
Ligand_17112496 ,
Ligand_17112506 ,
Ligand_17112508 ,
Ligand_17112510 ,
Ligand_17112511 ,
Ligand_17112512 ,
Ligand_17112513 ,
Ligand_17112523 ,
Ligand_17112524 ,
Ligand_1711425 ,
Ligand_1711476 ,
Ligand_1711571 ,
Ligand_1711644 ,
Ligand_1712396 ,
Ligand_17126689 ,
Ligand_17127048 ,
Ligand_17127049 ,
Ligand_17127050 ,
Ligand_17138906 ,
Ligand_17138907 ,
Ligand_1715681 ,
Ligand_1717454 ,
Ligand_1717463 ,
Ligand_17233837 ,
Ligand_17250937 ,
Ligand_17250938 ,
Ligand_17250939 ,
Ligand_17250941 ,
Ligand_17250942 ,
Ligand_17250943 ,
Ligand_17250944 ,
Ligand_17250945 ,
Ligand_17250946 ,
Ligand_17250947 ,
Ligand_17250948 ,
Ligand_17250949 ,
Ligand_17250950 ,
Ligand_17250951 ,
Ligand_17250952 ,
Ligand_17250953 ,
Ligand_17250954 ,
Ligand_17250955 ,
Ligand_17250956 ,
Ligand_17250957 ,
Ligand_17250958 ,
Ligand_17250960 ,
Ligand_17250961 ,
Ligand_17250962 ,
Ligand_17250963 ,
Ligand_17250964 ,
Ligand_17250965 ,
Ligand_17250966 ,
Ligand_17250967 ,
Ligand_17250968 ,
Ligand_17250969 ,
Ligand_17250970 ,
Ligand_17250971 ,
Ligand_17250972 ,
Ligand_17250974 ,
Ligand_17250975 ,
Ligand_17250976 ,
Ligand_17250977 ,
Ligand_17250978 ,
Ligand_17250979 ,
Ligand_17250980 ,
Ligand_17250981 ,
Ligand_17250982 ,
Ligand_17250983 ,
Ligand_17250984 ,
Ligand_17250986 ,
Ligand_17250988 ,
Ligand_17250989 ,
Ligand_17250990 ,
Ligand_17250991 ,
Ligand_17250992 ,
Ligand_17250993 ,
Ligand_17250994 ,
Ligand_17250995 ,
Ligand_17250996 ,
Ligand_17250997 ,
Ligand_17250998 ,
Ligand_17250999 ,
Ligand_17251000 ,
Ligand_17251001 ,
Ligand_17251002 ,
Ligand_17251003 ,
Ligand_17251004 ,
Ligand_17251005 ,
Ligand_17251006 ,
Ligand_17251007 ,
Ligand_17251008 ,
Ligand_17251011 ,
Ligand_17251012 ,
Ligand_17251014 ,
Ligand_17251015 ,
Ligand_17251016 ,
Ligand_17251017 ,
Ligand_17251018 ,
Ligand_17251019 ,
Ligand_17251020 ,
Ligand_17251021 ,
Ligand_17251023 ,
Ligand_17251024 ,
Ligand_17251025 ,
Ligand_17251026 ,
Ligand_17251027 ,
Ligand_17251028 ,
Ligand_17251029 ,
Ligand_17251030 ,
Ligand_17251032 ,
Ligand_17251234 ,
Ligand_17251235 ,
Ligand_17251236 ,
Ligand_17251237 ,
Ligand_17251238 ,
Ligand_17251239 ,
Ligand_17251240 ,
Ligand_17251241 ,
Ligand_17251242 ,
Ligand_17251243 ,
Ligand_17251244 ,
Ligand_17251245 ,
Ligand_17251246 ,
Ligand_17251247 ,
Ligand_17251248 ,
Ligand_17251249 ,
Ligand_17251250 ,
Ligand_17251251 ,
Ligand_17251252 ,
Ligand_17251253 ,
Ligand_17251254 ,
Ligand_17251255 ,
Ligand_17251256 ,
Ligand_17251257 ,
Ligand_17251258 ,
Ligand_17251259 ,
Ligand_17251260 ,
Ligand_17251261 ,
Ligand_17251262 ,
Ligand_17251263 ,
Ligand_17251264 ,
Ligand_17251265 ,
Ligand_17251266 ,
Ligand_17251267 ,
Ligand_17251268 ,
Ligand_17251269 ,
Ligand_17251270 ,
Ligand_17251271 ,
Ligand_17251272 ,
Ligand_17251273 ,
Ligand_17251274 ,
Ligand_17251276 ,
Ligand_17251277 ,
Ligand_17251278 ,
Ligand_17251279 ,
Ligand_17251280 ,
Ligand_17251281 ,
Ligand_17251282 ,
Ligand_17251283 ,
Ligand_17251284 ,
Ligand_17251285 ,
Ligand_17251286 ,
Ligand_17251287 ,
Ligand_17251288 ,
Ligand_17251289 ,
Ligand_17251290 ,
Ligand_17251292 ,
Ligand_17251293 ,
Ligand_17251294 ,
Ligand_17251295 ,
Ligand_17251296 ,
Ligand_17251297 ,
Ligand_17251298 ,
Ligand_17251299 ,
Ligand_17251300 ,
Ligand_17251301 ,
Ligand_17251302 ,
Ligand_17251303 ,
Ligand_17251305 ,
Ligand_17251306 ,
Ligand_17251307 ,
Ligand_17251308 ,
Ligand_17251309 ,
Ligand_17251310 ,
Ligand_17251311 ,
Ligand_17251312 ,
Ligand_17251313 ,
Ligand_17251314 ,
Ligand_17251315 ,
Ligand_1729312 ,
Ligand_1731264 ,
Ligand_1733278 ,
Ligand_17365607 ,
Ligand_17365798 ,
Ligand_17384274 ,
Ligand_1747257 ,
Ligand_1749358 ,
Ligand_1749392 ,
Ligand_1750177 ,
Ligand_1758232 ,
Ligand_1758366 ,
Ligand_1758829 ,
Ligand_1758926 ,
Ligand_1763164 ,
Ligand_176925 ,
Ligand_1775876 ,
Ligand_1777607 ,
Ligand_1779315 ,
Ligand_1780031 ,
Ligand_1781385 ,
Ligand_1784236 ,
Ligand_1785759 ,
Ligand_1787539 ,
Ligand_1787912 ,
Ligand_1788254 ,
Ligand_1789147 ,
Ligand_1790632 ,
Ligand_1795193 ,
Ligand_1797686 ,
Ligand_1798225 ,
Ligand_1807235 ,
Ligand_1807684 ,
Ligand_1820730 ,
Ligand_1821291 ,
Ligand_1822276 ,
Ligand_1822279 ,
Ligand_1826695 ,
Ligand_1843351 ,
Ligand_1880 ,
Ligand_1888153 ,
Ligand_1888175 ,
Ligand_1890 ,
Ligand_1896608 ,
Ligand_1905602 ,
Ligand_1915971 ,
Ligand_1917591 ,
Ligand_1920673 ,
Ligand_1924740 ,
Ligand_1938415 ,
Ligand_1948547 ,
Ligand_1956898 ,
Ligand_1960022 ,
Ligand_1969071 ,
Ligand_1969827 ,
Ligand_1987805 ,
Ligand_1995775 ,
Ligand_2031969 ,
Ligand_203763 ,
Ligand_2054475 ,
Ligand_2054538 ,
Ligand_2056742 ,
Ligand_2059932 ,
Ligand_2063461 ,
Ligand_2064451 ,
Ligand_2066618 ,
Ligand_2068169 ,
Ligand_2090673 ,
Ligand_2091602 ,
Ligand_21107 ,
Ligand_21159559 ,
Ligand_21676187 ,
Ligand_2168507 ,
Ligand_2168788 ,
Ligand_2168808 ,
Ligand_2168826 ,
Ligand_2169367 ,
Ligand_2169489 ,
Ligand_2171774 ,
Ligand_2172480 ,
Ligand_2175325 ,
Ligand_2177806 ,
Ligand_2178476 ,
Ligand_2178707 ,
Ligand_2178880 ,
Ligand_2179395 ,
Ligand_2180948 ,
Ligand_2186416 ,
Ligand_2186544 ,
Ligand_2186608 ,
Ligand_2188690 ,
Ligand_2190509 ,
Ligand_2196882 ,
Ligand_2204760 ,
Ligand_2204960 ,
Ligand_2205352 ,
Ligand_2206231 ,
Ligand_2206492 ,
Ligand_2206551 ,
Ligand_2206861 ,
Ligand_2206935 ,
Ligand_2207120 ,
Ligand_2207125 ,
Ligand_2207127 ,
Ligand_2207342 ,
Ligand_2207446 ,
Ligand_2207606 ,
Ligand_2207624 ,
Ligand_2208487 ,
Ligand_2209136 ,
Ligand_2209203 ,
Ligand_2209460 ,
Ligand_2209958 ,
Ligand_2209998 ,
Ligand_2210089 ,
Ligand_2210105 ,
Ligand_2210147 ,
Ligand_2210266 ,
Ligand_2210316 ,
Ligand_2210366 ,
Ligand_2210464 ,
Ligand_2210511 ,
Ligand_2210606 ,
Ligand_2210663 ,
Ligand_2210771 ,
Ligand_2210854 ,
Ligand_2210958 ,
Ligand_2211215 ,
Ligand_2211297 ,
Ligand_2211352 ,
Ligand_2211444 ,
Ligand_2211637 ,
Ligand_2211651 ,
Ligand_2211679 ,
Ligand_2211718 ,
Ligand_2211781 ,
Ligand_2212001 ,
Ligand_2212088 ,
Ligand_2212138 ,
Ligand_2212227 ,
Ligand_2212255 ,
Ligand_2218822 ,
Ligand_2219612 ,
Ligand_2221013 ,
Ligand_2225151 ,
Ligand_2225178 ,
Ligand_2225252 ,
Ligand_2225296 ,
Ligand_2225318 ,
Ligand_2225334 ,
Ligand_2225416 ,
Ligand_2225501 ,
Ligand_2225541 ,
Ligand_2225550 ,
Ligand_2235938 ,
Ligand_2240954 ,
Ligand_2240957 ,
Ligand_2240958 ,
Ligand_2245730 ,
Ligand_2245802 ,
Ligand_2255090 ,
Ligand_2262388 ,
Ligand_2264065 ,
Ligand_2264747 ,
Ligand_2264931 ,
Ligand_2265073 ,
Ligand_226515 ,
Ligand_226650 ,
Ligand_2267981 ,
Ligand_2268009 ,
Ligand_2268042 ,
Ligand_2268150 ,
Ligand_2272043 ,
Ligand_2272163 ,
Ligand_227363 ,
Ligand_227443 ,
Ligand_227445 ,
Ligand_2274736 ,
Ligand_2279694 ,
Ligand_2285023 ,
Ligand_2286301 ,
Ligand_2286937 ,
Ligand_229015 ,
Ligand_229016 ,
Ligand_2294559 ,
Ligand_2295816 ,
Ligand_2297827 ,
Ligand_231146 ,
Ligand_2338833 ,
Ligand_234562 ,
Ligand_2347119 ,
Ligand_2355 ,
Ligand_238952 ,
Ligand_242061 ,
Ligand_24208010 ,
Ligand_24208692 ,
Ligand_24208775 ,
Ligand_2431023 ,
Ligand_2461259 ,
Ligand_2465517 ,
Ligand_252037 ,
Ligand_252679 ,
Ligand_253960 ,
Ligand_254791 ,
Ligand_261391 ,
Ligand_265699 ,
Ligand_2675728 ,
Ligand_2675737 ,
Ligand_2675760 ,
Ligand_2712583 ,
Ligand_2712631 ,
Ligand_271643 ,
Ligand_2728441 ,
Ligand_2735833 ,
Ligand_2787139 ,
Ligand_2787175 ,
Ligand_2787223 ,
Ligand_2787529 ,
Ligand_2788291 ,
Ligand_2788323 ,
Ligand_2788388 ,
Ligand_2788389 ,
Ligand_2788935 ,
Ligand_2789227 ,
Ligand_2790897 ,
Ligand_2791398 ,
Ligand_2793630 ,
Ligand_2815056 ,
Ligand_2815057 ,
Ligand_2815058 ,
Ligand_2816953 ,
Ligand_2817963 ,
Ligand_2825024 ,
Ligand_2827054 ,
Ligand_2828082 ,
Ligand_2830452 ,
Ligand_2830454 ,
Ligand_2830802 ,
Ligand_2831094 ,
Ligand_2831099 ,
Ligand_2831629 ,
Ligand_2832346 ,
Ligand_2832858 ,
Ligand_2832885 ,
Ligand_2837575 ,
Ligand_2838777 ,
Ligand_2838785 ,
Ligand_2838792 ,
Ligand_2838921 ,
Ligand_2839040 ,
Ligand_2839382 ,
Ligand_2839544 ,
Ligand_2839556 ,
Ligand_2839687 ,
Ligand_2840018 ,
Ligand_2840099 ,
Ligand_2841307 ,
Ligand_2851192 ,
Ligand_2854170 ,
Ligand_2863502 ,
Ligand_2864051 ,
Ligand_2864390 ,
Ligand_2868283 ,
Ligand_2873488 ,
Ligand_2873493 ,
Ligand_2873513 ,
Ligand_2873572 ,
Ligand_2873678 ,
Ligand_2873701 ,
Ligand_2873765 ,
Ligand_2873782 ,
Ligand_2873834 ,
Ligand_2873856 ,
Ligand_2873951 ,
Ligand_2873955 ,
Ligand_2873967 ,
Ligand_2873981 ,
Ligand_2873989 ,
Ligand_2874048 ,
Ligand_2874054 ,
Ligand_2874055 ,
Ligand_2874060 ,
Ligand_2874122 ,
Ligand_2874191 ,
Ligand_2874237 ,
Ligand_2874281 ,
Ligand_2874325 ,
Ligand_2874334 ,
Ligand_2874359 ,
Ligand_2874385 ,
Ligand_2874390 ,
Ligand_2874407 ,
Ligand_2874411 ,
Ligand_2874452 ,
Ligand_2874502 ,
Ligand_2874509 ,
Ligand_2874519 ,
Ligand_2874566 ,
Ligand_2874674 ,
Ligand_2874711 ,
Ligand_2874757 ,
Ligand_2874763 ,
Ligand_2874779 ,
Ligand_2874792 ,
Ligand_2874807 ,
Ligand_2874876 ,
Ligand_2874956 ,
Ligand_2878029 ,
Ligand_2880448 ,
Ligand_2882016 ,
Ligand_2882490 ,
Ligand_2882965 ,
Ligand_2884058 ,
Ligand_2884520 ,
Ligand_2884834 ,
Ligand_2885298 ,
Ligand_2885304 ,
Ligand_2885654 ,
Ligand_2885657 ,
Ligand_2885738 ,
Ligand_2886369 ,
Ligand_2887857 ,
Ligand_2888333 ,
Ligand_28912 ,
Ligand_28913 ,
Ligand_2891766 ,
Ligand_2891815 ,
Ligand_2891926 ,
Ligand_2892056 ,
Ligand_2892080 ,
Ligand_2897059 ,
Ligand_2898134 ,
Ligand_2899861 ,
Ligand_2908817 ,
Ligand_2910343 ,
Ligand_2915052 ,
Ligand_2915868 ,
Ligand_2916333 ,
Ligand_2918690 ,
Ligand_2919667 ,
Ligand_2920579 ,
Ligand_2921378 ,
Ligand_2922801 ,
Ligand_2925540 ,
Ligand_2925624 ,
Ligand_2927367 ,
Ligand_2928032 ,
Ligand_2928198 ,
Ligand_2929292 ,
Ligand_2929412 ,
Ligand_2930738 ,
Ligand_2931359 ,
Ligand_2931828 ,
Ligand_2932255 ,
Ligand_2932849 ,
Ligand_2933056 ,
Ligand_2933609 ,
Ligand_2933805 ,
Ligand_2939417 ,
Ligand_2941609 ,
Ligand_2945393 ,
Ligand_2948773 ,
Ligand_2948823 ,
Ligand_2948906 ,
Ligand_2949168 ,
Ligand_2949249 ,
Ligand_2949255 ,
Ligand_2949260 ,
Ligand_2949310 ,
Ligand_2949382 ,
Ligand_2949474 ,
Ligand_2951009 ,
Ligand_2951956 ,
Ligand_2952803 ,
Ligand_2954327 ,
Ligand_2954725 ,
Ligand_2954862 ,
Ligand_2955036 ,
Ligand_2955088 ,
Ligand_2955226 ,
Ligand_2955294 ,
Ligand_2955355 ,
Ligand_2955514 ,
Ligand_2955714 ,
Ligand_2955768 ,
Ligand_2956115 ,
Ligand_2956121 ,
Ligand_2956311 ,
Ligand_2956469 ,
Ligand_2956492 ,
Ligand_2956777 ,
Ligand_2956780 ,
Ligand_2956814 ,
Ligand_2957033 ,
Ligand_2957130 ,
Ligand_2957146 ,
Ligand_2957201 ,
Ligand_2957931 ,
Ligand_2957955 ,
Ligand_2957977 ,
Ligand_2958078 ,
Ligand_2959236 ,
Ligand_2960222 ,
Ligand_2961960 ,
Ligand_2962872 ,
Ligand_2963542 ,
Ligand_2963561 ,
Ligand_2963562 ,
Ligand_2965736 ,
Ligand_2966043 ,
Ligand_2966054 ,
Ligand_2968734 ,
Ligand_2970172 ,
Ligand_2970214 ,
Ligand_2970232 ,
Ligand_2970251 ,
Ligand_2970484 ,
Ligand_2970497 ,
Ligand_2970501 ,
Ligand_2970704 ,
Ligand_2970707 ,
Ligand_2970733 ,
Ligand_2970797 ,
Ligand_2970809 ,
Ligand_2970836 ,
Ligand_2970860 ,
Ligand_2970862 ,
Ligand_2970878 ,
Ligand_2970908 ,
Ligand_2970911 ,
Ligand_2970925 ,
Ligand_2970929 ,
Ligand_2970943 ,
Ligand_2970949 ,
Ligand_2970976 ,
Ligand_2971079 ,
Ligand_2971083 ,
Ligand_2971127 ,
Ligand_2971144 ,
Ligand_2971203 ,
Ligand_2971234 ,
Ligand_2971237 ,
Ligand_2971330 ,
Ligand_2971343 ,
Ligand_2971381 ,
Ligand_2971396 ,
Ligand_2971450 ,
Ligand_2971474 ,
Ligand_2971501 ,
Ligand_2971532 ,
Ligand_2972222 ,
Ligand_2972377 ,
Ligand_2977427 ,
Ligand_2978146 ,
Ligand_2978910 ,
Ligand_2980122 ,
Ligand_2982470 ,
Ligand_2983173 ,
Ligand_2984179 ,
Ligand_2984285 ,
Ligand_2988656 ,
Ligand_2991274 ,
Ligand_2991529 ,
Ligand_2991618 ,
Ligand_2999936 ,
Ligand_305056 ,
Ligand_30553 ,
Ligand_3099770 ,
Ligand_310860 ,
Ligand_3115108 ,
Ligand_3115287 ,
Ligand_3118118 ,
Ligand_3118451 ,
Ligand_3120460 ,
Ligand_3123269 ,
Ligand_3123875 ,
Ligand_3125656 ,
Ligand_3125727 ,
Ligand_3125742 ,
Ligand_3125804 ,
Ligand_3125809 ,
Ligand_3131528 ,
Ligand_3138774 ,
Ligand_3138805 ,
Ligand_3138806 ,
Ligand_3143550 ,
Ligand_3152607 ,
Ligand_3155701 ,
Ligand_3156112 ,
Ligand_3156142 ,
Ligand_3156273 ,
Ligand_3156367 ,
Ligand_3156419 ,
Ligand_3156424 ,
Ligand_3156428 ,
Ligand_3157102 ,
Ligand_3157286 ,
Ligand_3162843 ,
Ligand_3163533 ,
Ligand_323 ,
Ligand_3236152 ,
Ligand_3248344 ,
Ligand_3250159 ,
Ligand_3250932 ,
Ligand_3250932_2 ,
Ligand_3253736 ,
Ligand_3260571 ,
Ligand_327169 ,
Ligand_3284357 ,
Ligand_3288030 ,
Ligand_3289191 ,
Ligand_3292794 ,
Ligand_3297781 ,
Ligand_3300411 ,
Ligand_3301031 ,
Ligand_3304973 ,
Ligand_3310170 ,
Ligand_3314584 ,
Ligand_3316394 ,
Ligand_3320618 ,
Ligand_332177 ,
Ligand_3322651 ,
Ligand_3322828 ,
Ligand_3338934 ,
Ligand_3354817 ,
Ligand_3358278 ,
Ligand_3364590 ,
Ligand_3374641 ,
Ligand_3393333 ,
Ligand_3400306 ,
Ligand_3400779 ,
Ligand_3403857 ,
Ligand_3410688 ,
Ligand_3411776 ,
Ligand_3412096 ,
Ligand_341782 ,
Ligand_3419793 ,
Ligand_3420719 ,
Ligand_3421718 ,
Ligand_3422038 ,
Ligand_3425553 ,
Ligand_3435250 ,
Ligand_3440646 ,
Ligand_344546 ,
Ligand_3453009 ,
Ligand_3454225 ,
Ligand_3455589 ,
Ligand_3462264 ,
Ligand_3469110 ,
Ligand_3471565 ,
Ligand_3486611 ,
Ligand_3486619 ,
Ligand_3490878 ,
Ligand_3495863 ,
Ligand_3500621 ,
Ligand_3504107 ,
Ligand_3507672 ,
Ligand_3531551 ,
Ligand_3531736 ,
Ligand_3531909 ,
Ligand_3534982 ,
Ligand_3536805 ,
Ligand_3537425 ,
Ligand_3545810 ,
Ligand_3547643 ,
Ligand_3550778 ,
Ligand_3551912 ,
Ligand_3554455 ,
Ligand_355725 ,
Ligand_3558124 ,
Ligand_3559265 ,
Ligand_3559995 ,
Ligand_3560312 ,
Ligand_35703 ,
Ligand_3572278 ,
Ligand_3577568 ,
Ligand_3577822 ,
Ligand_3581676 ,
Ligand_3583840 ,
Ligand_3588515 ,
Ligand_3588785 ,
Ligand_3589671 ,
Ligand_3603821 ,
Ligand_3619355 ,
Ligand_3631212 ,
Ligand_3643383 ,
Ligand_3643607 ,
Ligand_364364 ,
Ligand_3647018 ,
Ligand_3649674 ,
Ligand_3650362 ,
Ligand_3651560 ,
Ligand_3652412 ,
Ligand_3653259 ,
Ligand_3656226 ,
Ligand_3662312 ,
Ligand_3686412 ,
Ligand_3699557 ,
Ligand_3699728 ,
Ligand_370162 ,
Ligand_3705184 ,
Ligand_3716554 ,
Ligand_3717390 ,
Ligand_3722211 ,
Ligand_3723655 ,
Ligand_3728028 ,
Ligand_3729318 ,
Ligand_3736608 ,
Ligand_3745288 ,
Ligand_3747 ,
Ligand_3747784 ,
Ligand_3750499 ,
Ligand_3750830 ,
Ligand_3755008 ,
Ligand_3756469 ,
Ligand_3758489 ,
Ligand_3764522 ,
Ligand_3765206 ,
Ligand_3765206_2 ,
Ligand_3771960 ,
Ligand_3774024 ,
Ligand_3774076 ,
Ligand_3782813 ,
Ligand_378567 ,
Ligand_3787533 ,
Ligand_3790333 ,
Ligand_3794746 ,
Ligand_3795351 ,
Ligand_3798264 ,
Ligand_3798735 ,
Ligand_3803559 ,
Ligand_3806065 ,
Ligand_3806579 ,
Ligand_3808257 ,
Ligand_3808536 ,
Ligand_3808542 ,
Ligand_3809901 ,
Ligand_3811495 ,
Ligand_3814558 ,
Ligand_3816168 ,
Ligand_3817847 ,
Ligand_3819708 ,
Ligand_3819710 ,
Ligand_3822224 ,
Ligand_3827928 ,
Ligand_3828 ,
Ligand_3835670 ,
Ligand_3846206 ,
Ligand_3872443 ,
Ligand_3874368 ,
Ligand_3879359 ,
Ligand_3883886 ,
Ligand_3885883 ,
Ligand_3893140 ,
Ligand_389316 ,
Ligand_3907628 ,
Ligand_390797 ,
Ligand_390799 ,
Ligand_390807 ,
Ligand_3915356 ,
Ligand_3921635 ,
Ligand_3927852 ,
Ligand_3931816 ,
Ligand_3944221 ,
Ligand_3952075 ,
Ligand_3955894 ,
Ligand_3957844 ,
Ligand_395955 ,
Ligand_395989 ,
Ligand_3961562 ,
Ligand_3963697 ,
Ligand_3967564 ,
Ligand_3969373 ,
Ligand_397075 ,
Ligand_397078 ,
Ligand_3981274 ,
Ligand_3982782 ,
Ligand_3999346 ,
Ligand_4019003 ,
Ligand_4020452 ,
Ligand_4033898 ,
Ligand_4035504 ,
Ligand_4036148 ,
Ligand_4044063 ,
Ligand_4045016 ,
Ligand_4045055 ,
Ligand_4058430 ,
Ligand_4058829 ,
Ligand_4059368 ,
Ligand_4067755 ,
Ligand_4081546 ,
Ligand_4083458 ,
Ligand_4084361 ,
Ligand_4085549 ,
Ligand_4085729 ,
Ligand_4090791 ,
Ligand_4091316 ,
Ligand_4096045 ,
Ligand_4101113 ,
Ligand_4101463 ,
Ligand_4101466 ,
Ligand_4103967 ,
Ligand_4114 ,
Ligand_4118059 ,
Ligand_4119980 ,
Ligand_4122496 ,
Ligand_4124784 ,
Ligand_4128427 ,
Ligand_4132533 ,
Ligand_4139654 ,
Ligand_4142581 ,
Ligand_4146754 ,
Ligand_4147999 ,
Ligand_4149109 ,
Ligand_4154440 ,
Ligand_4161372 ,
Ligand_4168589 ,
Ligand_4176391 ,
Ligand_4181560 ,
Ligand_4186581 ,
Ligand_4189548 ,
Ligand_4189648 ,
Ligand_4207118 ,
Ligand_4207120 ,
Ligand_4207394 ,
Ligand_4207396 ,
Ligand_4207399 ,
Ligand_4211902 ,
Ligand_4213774 ,
Ligand_4213774_2 ,
Ligand_4218019 ,
Ligand_4218207 ,
Ligand_4222958 ,
Ligand_4227716 ,
Ligand_4229552 ,
Ligand_4234293 ,
Ligand_4238039 ,
Ligand_4239724 ,
Ligand_4243607 ,
Ligand_4252624 ,
Ligand_4254728 ,
Ligand_4257878 ,
Ligand_4270162 ,
Ligand_4273999 ,
Ligand_4281156 ,
Ligand_4282475 ,
Ligand_4284160 ,
Ligand_4287338 ,
Ligand_4287980 ,
Ligand_4289749 ,
Ligand_4290906 ,
Ligand_4298114 ,
Ligand_4299115 ,
Ligand_4301239 ,
Ligand_4302028 ,
Ligand_4315245 ,
Ligand_4315416 ,
Ligand_4317577 ,
Ligand_4319423 ,
Ligand_4326758 ,
Ligand_4327287 ,
Ligand_4327523 ,
Ligand_4340941 ,
Ligand_4342073 ,
Ligand_4355900 ,
Ligand_4356005 ,
Ligand_4358712 ,
Ligand_4358713 ,
Ligand_4364216 ,
Ligand_4364217 ,
Ligand_4368015 ,
Ligand_4368772 ,
Ligand_4368772_2 ,
Ligand_4370514 ,
Ligand_4372723 ,
Ligand_4372725 ,
Ligand_4375527 ,
Ligand_4377037 ,
Ligand_4379485 ,
Ligand_4380221 ,
Ligand_4382223 ,
Ligand_4382601 ,
Ligand_4387134 ,
Ligand_4388629 ,
Ligand_4395718 ,
Ligand_4398332 ,
Ligand_4398333 ,
Ligand_4408413 ,
Ligand_4408507 ,
Ligand_4409540 ,
Ligand_4410925 ,
Ligand_4416718 ,
Ligand_4419836 ,
Ligand_4423363 ,
Ligand_442428 ,
Ligand_442583 ,
Ligand_4426210 ,
Ligand_4430556 ,
Ligand_4431375 ,
Ligand_4433125 ,
Ligand_4435675 ,
Ligand_4438948 ,
Ligand_4443561 ,
Ligand_4448080 ,
Ligand_445154 ,
Ligand_4452591 ,
Ligand_4459949 ,
Ligand_4460752 ,
Ligand_4462753 ,
Ligand_4493233 ,
Ligand_4493234 ,
Ligand_4506517 ,
Ligand_4507958 ,
Ligand_4512128 ,
Ligand_4512130 ,
Ligand_4516838 ,
Ligand_4516980 ,
Ligand_4526634 ,
Ligand_4537476 ,
Ligand_4544810 ,
Ligand_4545 ,
Ligand_455309 ,
Ligand_455313 ,
Ligand_4559153 ,
Ligand_4564532 ,
Ligand_4574791 ,
Ligand_4580105 ,
Ligand_4591595 ,
Ligand_45923828 ,
Ligand_45923881 ,
Ligand_45923882 ,
Ligand_4596254 ,
Ligand_4598002 ,
Ligand_4598058 ,
Ligand_4602364 ,
Ligand_4606136 ,
Ligand_4611890 ,
Ligand_4614898 ,
Ligand_46153 ,
Ligand_4621957 ,
Ligand_462695 ,
Ligand_4633359 ,
Ligand_4641067 ,
Ligand_4649669 ,
Ligand_4654007 ,
Ligand_4657016 ,
Ligand_4658235 ,
Ligand_466276 ,
Ligand_4664077 ,
Ligand_4664839 ,
Ligand_4687550 ,
Ligand_4690610 ,
Ligand_4694569 ,
Ligand_471 ,
Ligand_471719 ,
Ligand_471_2 ,
Ligand_4775819 ,
Ligand_4838551 ,
Ligand_4859518 ,
Ligand_4890010 ,
Ligand_4891211 ,
Ligand_4893128 ,
Ligand_4893447 ,
Ligand_4894708 ,
Ligand_4895250 ,
Ligand_4898351 ,
Ligand_4900469 ,
Ligand_4902022 ,
Ligand_4913014 ,
Ligand_4913857 ,
Ligand_4913981 ,
Ligand_4913982 ,
Ligand_4914129 ,
Ligand_4914193 ,
Ligand_4914201 ,
Ligand_4914254 ,
Ligand_4914280 ,
Ligand_4914306 ,
Ligand_4914683 ,
Ligand_4914684 ,
Ligand_4914792 ,
Ligand_4918055 ,
Ligand_4919809 ,
Ligand_4920396 ,
Ligand_4966037 ,
Ligand_4972893 ,
Ligand_4979318 ,
Ligand_4982360 ,
Ligand_4987033 ,
Ligand_5003569 ,
Ligand_5011081 ,
Ligand_5013767 ,
Ligand_5016739 ,
Ligand_5044499 ,
Ligand_5046273 ,
Ligand_5047560 ,
Ligand_5050109 ,
Ligand_5050745 ,
Ligand_5052471 ,
Ligand_5056066 ,
Ligand_5070733 ,
Ligand_5073180 ,
Ligand_5081039 ,
Ligand_509245 ,
Ligand_5106017 ,
Ligand_5106787 ,
Ligand_5129236 ,
Ligand_5129526 ,
Ligand_5131957 ,
Ligand_5132492 ,
Ligand_5133468 ,
Ligand_5174728 ,
Ligand_5185285 ,
Ligand_5200322 ,
Ligand_5200509 ,
Ligand_5210741 ,
Ligand_522129 ,
Ligand_5225803 ,
Ligand_5233484 ,
Ligand_5234002 ,
Ligand_5238248 ,
Ligand_5271551 ,
Ligand_5273569 ,
Ligand_5280373 ,
Ligand_5280442 ,
Ligand_5280443 ,
Ligand_5280460 ,
Ligand_5280567 ,
Ligand_5280647 ,
Ligand_5280666 ,
Ligand_5280961 ,
Ligand_5281406 ,
Ligand_5281416 ,
Ligand_5281605 ,
Ligand_5281607 ,
Ligand_5281611 ,
Ligand_5281614 ,
Ligand_5281616 ,
Ligand_5281617 ,
Ligand_5281617_2 ,
Ligand_5281621 ,
Ligand_5281666 ,
Ligand_5281672 ,
Ligand_5281704 ,
Ligand_5281708 ,
Ligand_5281801 ,
Ligand_5281847 ,
Ligand_5281855 ,
Ligand_5281954 ,
Ligand_5282073 ,
Ligand_5285385 ,
Ligand_5286092 ,
Ligand_5286318 ,
Ligand_5286730 ,
Ligand_5287280 ,
Ligand_5287281 ,
Ligand_5287282 ,
Ligand_5287343 ,
Ligand_5289613 ,
Ligand_5289846 ,
Ligand_5289859 ,
Ligand_5290099 ,
Ligand_5290447 ,
Ligand_5290448 ,
Ligand_5290989 ,
Ligand_5291189 ,
Ligand_5291326 ,
Ligand_5291882 ,
Ligand_5292521 ,
Ligand_5292818 ,
Ligand_5293151 ,
Ligand_5293153 ,
Ligand_5295450 ,
Ligand_5295845 ,
Ligand_5297460 ,
Ligand_5298024 ,
Ligand_5298025 ,
Ligand_5298028 ,
Ligand_5299071 ,
Ligand_5300596 ,
Ligand_5301538 ,
Ligand_5301616 ,
Ligand_5301706 ,
Ligand_5302364 ,
Ligand_5302366 ,
Ligand_5302415 ,
Ligand_5302416 ,
Ligand_5302782 ,
Ligand_5303243 ,
Ligand_5303260 ,
Ligand_5303773 ,
Ligand_5303775 ,
Ligand_5303780 ,
Ligand_5303781 ,
Ligand_5306781 ,
Ligand_5310697 ,
Ligand_5310763 ,
Ligand_5310879 ,
Ligand_5311699 ,
Ligand_5312095 ,
Ligand_5317564 ,
Ligand_5320438 ,
Ligand_5320693 ,
Ligand_5321398 ,
Ligand_5322064 ,
Ligand_5322065 ,
Ligand_5322215 ,
Ligand_5322227 ,
Ligand_5322231 ,
Ligand_5322238 ,
Ligand_5331279 ,
Ligand_5332563 ,
Ligand_5336106 ,
Ligand_5336820 ,
Ligand_5337617 ,
Ligand_5337662 ,
Ligand_5337701 ,
Ligand_5343567 ,
Ligand_5345041 ,
Ligand_5348415 ,
Ligand_5348419 ,
Ligand_5348460 ,
Ligand_5348571 ,
Ligand_5348695 ,
Ligand_5350060 ,
Ligand_5351506 ,
Ligand_5353357 ,
Ligand_5356597 ,
Ligand_5357479 ,
Ligand_5357627 ,
Ligand_5358385 ,
Ligand_5359621 ,
Ligand_5364318 ,
Ligand_5369664 ,
Ligand_5375704 ,
Ligand_5376051 ,
Ligand_5376916 ,
Ligand_5377374 ,
Ligand_5377860 ,
Ligand_5378832 ,
Ligand_5378945 ,
Ligand_5382940 ,
Ligand_5385074 ,
Ligand_5388707 ,
Ligand_5389096 ,
Ligand_5391140 ,
Ligand_5391149 ,
Ligand_5391150 ,
Ligand_5391151 ,
Ligand_5391260 ,
Ligand_5391760 ,
Ligand_5392139 ,
Ligand_5392629 ,
Ligand_5393133 ,
Ligand_5393149 ,
Ligand_5393151 ,
Ligand_5393152 ,
Ligand_5393153 ,
Ligand_5393155 ,
Ligand_5393156 ,
Ligand_5393165 ,
Ligand_5393166 ,
Ligand_5393169 ,
Ligand_5393173 ,
Ligand_5393175 ,
Ligand_5396660 ,
Ligand_5397315 ,
Ligand_5397855 ,
Ligand_5397856 ,
Ligand_5397857 ,
Ligand_5401704 ,
Ligand_540404 ,
Ligand_5405791 ,
Ligand_5406326 ,
Ligand_5413011 ,
Ligand_5415301 ,
Ligand_5417061 ,
Ligand_541823 ,
Ligand_5420865 ,
Ligand_5420889 ,
Ligand_5449443 ,
Ligand_5449444 ,
Ligand_5449447 ,
Ligand_5450154 ,
Ligand_5450718 ,
Ligand_5481248 ,
Ligand_5489485 ,
Ligand_5498512 ,
Ligand_5498524 ,
Ligand_5504176 ,
Ligand_5504536 ,
Ligand_5575365 ,
Ligand_5585 ,
Ligand_560746 ,
Ligand_5656670 ,
Ligand_569534 ,
Ligand_5702835 ,
Ligand_5705458 ,
Ligand_5710778 ,
Ligand_571364 ,
Ligand_5716814 ,
Ligand_5717536 ,
Ligand_5717877 ,
Ligand_5725518 ,
Ligand_5733793 ,
Ligand_5736435 ,
Ligand_5737572 ,
Ligand_5737606 ,
Ligand_5737613 ,
Ligand_5737792 ,
Ligand_5737796 ,
Ligand_5737979 ,
Ligand_5737985 ,
Ligand_5744885 ,
Ligand_5752636 ,
Ligand_5752661 ,
Ligand_5753676 ,
Ligand_5760002 ,
Ligand_5762938 ,
Ligand_5766636 ,
Ligand_5769321 ,
Ligand_5769371 ,
Ligand_5776004 ,
Ligand_5782638 ,
Ligand_5782639 ,
Ligand_578729 ,
Ligand_5787366 ,
Ligand_5788517 ,
Ligand_5806519 ,
Ligand_5819756 ,
Ligand_5835208 ,
Ligand_583941 ,
Ligand_5840179 ,
Ligand_5841260 ,
Ligand_5848696 ,
Ligand_5851597 ,
Ligand_5851797 ,
Ligand_5852440 ,
Ligand_5858725 ,
Ligand_5861614 ,
Ligand_5861616 ,
Ligand_5861871 ,
Ligand_5866738 ,
Ligand_5869374 ,
Ligand_5884845 ,
Ligand_5892294 ,
Ligand_5893000 ,
Ligand_5896476 ,
Ligand_5900741 ,
Ligand_5901683 ,
Ligand_5903384 ,
Ligand_5903568 ,
Ligand_5904287 ,
Ligand_5905610 ,
Ligand_5905927 ,
Ligand_5907340 ,
Ligand_5908418 ,
Ligand_5909448 ,
Ligand_5911280 ,
Ligand_5913121 ,
Ligand_5913470 ,
Ligand_5913792 ,
Ligand_5914716 ,
Ligand_5915013 ,
Ligand_5916600 ,
Ligand_5917308 ,
Ligand_5917335 ,
Ligand_5917383 ,
Ligand_5919743 ,
Ligand_5920035 ,
Ligand_5922237 ,
Ligand_5922238 ,
Ligand_5923178 ,
Ligand_5923568 ,
Ligand_5924897 ,
Ligand_5925796 ,
Ligand_5926057 ,
Ligand_5926678 ,
Ligand_5927027 ,
Ligand_5927287 ,
Ligand_5928239 ,
Ligand_5928463 ,
Ligand_5929608 ,
Ligand_5929655 ,
Ligand_5930595 ,
Ligand_5930596 ,
Ligand_593078 ,
Ligand_5930947 ,
Ligand_5931191 ,
Ligand_5931512 ,
Ligand_5931552 ,
Ligand_5931553 ,
Ligand_5931569 ,
Ligand_5931570 ,
Ligand_5932533 ,
Ligand_5932577 ,
Ligand_5934945 ,
Ligand_5935825 ,
Ligand_5939565 ,
Ligand_5940184 ,
Ligand_594810 ,
Ligand_595166 ,
Ligand_5952070 ,
Ligand_596144 ,
Ligand_5985969 ,
Ligand_5988479 ,
Ligand_5990590 ,
Ligand_599278 ,
Ligand_599279 ,
Ligand_599283 ,
Ligand_599288 ,
Ligand_599289 ,
Ligand_599291 ,
Ligand_599315 ,
Ligand_599317 ,
Ligand_599356 ,
Ligand_599663 ,
Ligand_599722 ,
Ligand_599778 ,
Ligand_599779 ,
Ligand_5998009 ,
Ligand_600617 ,
Ligand_600670 ,
Ligand_6017644 ,
Ligand_602094 ,
Ligand_6027200 ,
Ligand_6036662 ,
Ligand_6040524 ,
Ligand_604512 ,
Ligand_6049609 ,
Ligand_606025 ,
Ligand_6061315 ,
Ligand_6062358 ,
Ligand_6066991 ,
Ligand_6069213 ,
Ligand_6077191 ,
Ligand_6082706 ,
Ligand_608273 ,
Ligand_6083825 ,
Ligand_608967 ,
Ligand_6109642 ,
Ligand_611878 ,
Ligand_612214 ,
Ligand_6138070 ,
Ligand_6138737 ,
Ligand_6141151 ,
Ligand_6144867 ,
Ligand_6145900 ,
Ligand_6148899 ,
Ligand_614929 ,
Ligand_6154914 ,
Ligand_6172113 ,
Ligand_617359 ,
Ligand_6174635 ,
Ligand_6175951 ,
Ligand_617943 ,
Ligand_6180731 ,
Ligand_618368 ,
Ligand_619834 ,
Ligand_6199 ,
Ligand_6211243 ,
Ligand_6214024 ,
Ligand_622504 ,
Ligand_6229312 ,
Ligand_6229314 ,
Ligand_6229351 ,
Ligand_6229366 ,
Ligand_6229378 ,
Ligand_6242193 ,
Ligand_6242197 ,
Ligand_6243223 ,
Ligand_6243440 ,
Ligand_624789 ,
Ligand_624789_2 ,
Ligand_6248752 ,
Ligand_6268103 ,
Ligand_6270328 ,
Ligand_6277258 ,
Ligand_627992 ,
Ligand_6289256 ,
Ligand_629250 ,
Ligand_6297843 ,
Ligand_6310887 ,
Ligand_631176 ,
Ligand_631176_2 ,
Ligand_6312947 ,
Ligand_631563 ,
Ligand_633683 ,
Ligand_634108 ,
Ligand_637760 ,
Ligand_638006 ,
Ligand_6381997 ,
Ligand_639659 ,
Ligand_641296 ,
Ligand_643579 ,
Ligand_644836 ,
Ligand_644959 ,
Ligand_6464465 ,
Ligand_6464533 ,
Ligand_6464852 ,
Ligand_6465352 ,
Ligand_6465580 ,
Ligand_6466731 ,
Ligand_6466913 ,
Ligand_6467183 ,
Ligand_6468032 ,
Ligand_6469315 ,
Ligand_6469722 ,
Ligand_6470114 ,
Ligand_6470277 ,
Ligand_6470846 ,
Ligand_6471057 ,
Ligand_6473251 ,
Ligand_648004 ,
Ligand_6485165 ,
Ligand_6493918 ,
Ligand_650372 ,
Ligand_6519467 ,
Ligand_6522950 ,
Ligand_6546286 ,
Ligand_6575957 ,
Ligand_659294 ,
Ligand_6602095 ,
Ligand_6603886 ,
Ligand_6610920 ,
Ligand_6612062 ,
Ligand_66595 ,
Ligand_666386 ,
Ligand_666876 ,
Ligand_667544 ,
Ligand_667581 ,
Ligand_668229 ,
Ligand_668634 ,
Ligand_671386 ,
Ligand_671569 ,
Ligand_672055 ,
Ligand_672151 ,
Ligand_672300 ,
Ligand_672388 ,
Ligand_672476 ,
Ligand_672856 ,
Ligand_673211 ,
Ligand_6732859 ,
Ligand_673618 ,
Ligand_673992 ,
Ligand_673993 ,
Ligand_673994 ,
Ligand_674022 ,
Ligand_674023 ,
Ligand_674878 ,
Ligand_675086 ,
Ligand_675198 ,
Ligand_675228 ,
Ligand_675363 ,
Ligand_675458 ,
Ligand_676030 ,
Ligand_676033 ,
Ligand_676034 ,
Ligand_676035 ,
Ligand_676036 ,
Ligand_676169 ,
Ligand_676288 ,
Ligand_676289 ,
Ligand_676290 ,
Ligand_676292 ,
Ligand_676293 ,
Ligand_676294 ,
Ligand_676295 ,
Ligand_676296 ,
Ligand_676297 ,
Ligand_676299 ,
Ligand_676303 ,
Ligand_676305 ,
Ligand_676306 ,
Ligand_676307 ,
Ligand_676308 ,
Ligand_676309 ,
Ligand_676310 ,
Ligand_677037 ,
Ligand_677494 ,
Ligand_677576 ,
Ligand_677903 ,
Ligand_678305 ,
Ligand_678937 ,
Ligand_679730 ,
Ligand_680353 ,
Ligand_680602 ,
Ligand_680619 ,
Ligand_680696 ,
Ligand_68079 ,
Ligand_68112 ,
Ligand_682187 ,
Ligand_682188 ,
Ligand_682556 ,
Ligand_684761 ,
Ligand_685124 ,
Ligand_685259 ,
Ligand_685416 ,
Ligand_685417 ,
Ligand_685494 ,
Ligand_685496 ,
Ligand_685669 ,
Ligand_686495 ,
Ligand_686497 ,
Ligand_686499 ,
Ligand_686866 ,
Ligand_6870730 ,
Ligand_6874998 ,
Ligand_6875195 ,
Ligand_687857 ,
Ligand_687996 ,
Ligand_688057 ,
Ligand_688627 ,
Ligand_688655 ,
Ligand_688655_2 ,
Ligand_688661 ,
Ligand_688662 ,
Ligand_688664 ,
Ligand_688665 ,
Ligand_688666 ,
Ligand_688667 ,
Ligand_688668 ,
Ligand_688669 ,
Ligand_688671 ,
Ligand_688672 ,
Ligand_688675 ,
Ligand_688678 ,
Ligand_688679 ,
Ligand_688682 ,
Ligand_688683 ,
Ligand_688684 ,
Ligand_688704 ,
Ligand_688713 ,
Ligand_688714 ,
Ligand_688715 ,
Ligand_688717 ,
Ligand_688718 ,
Ligand_688730 ,
Ligand_688731 ,
Ligand_688732 ,
Ligand_688749 ,
Ligand_688751 ,
Ligand_688754 ,
Ligand_688759 ,
Ligand_688761 ,
Ligand_688763 ,
Ligand_688775 ,
Ligand_688778 ,
Ligand_688783 ,
Ligand_688787 ,
Ligand_688792 ,
Ligand_688793 ,
Ligand_688795 ,
Ligand_688796 ,
Ligand_688798 ,
Ligand_688800 ,
Ligand_688801 ,
Ligand_688802 ,
Ligand_688803 ,
Ligand_688812 ,
Ligand_688813 ,
Ligand_688818 ,
Ligand_688821 ,
Ligand_688822 ,
Ligand_688827 ,
Ligand_688828 ,
Ligand_688835 ,
Ligand_688836 ,
Ligand_688837 ,
Ligand_688838 ,
Ligand_688841 ,
Ligand_688842 ,
Ligand_688843 ,
Ligand_688844 ,
Ligand_688853 ,
Ligand_688858 ,
Ligand_688866 ,
Ligand_688867 ,
Ligand_688879 ,
Ligand_688887 ,
Ligand_688889 ,
Ligand_688892 ,
Ligand_688893 ,
Ligand_688894 ,
Ligand_688917 ,
Ligand_688944 ,
Ligand_688945 ,
Ligand_688959 ,
Ligand_688960 ,
Ligand_688979 ,
Ligand_688981 ,
Ligand_688988 ,
Ligand_688993 ,
Ligand_689013 ,
Ligand_689014 ,
Ligand_689034 ,
Ligand_689034_2 ,
Ligand_6897208 ,
Ligand_691249 ,
Ligand_691250 ,
Ligand_691296 ,
Ligand_691431 ,
Ligand_691432 ,
Ligand_6914777 ,
Ligand_691509 ,
Ligand_691569 ,
Ligand_691573 ,
Ligand_691747 ,
Ligand_691832 ,
Ligand_691928 ,
Ligand_691961 ,
Ligand_692022 ,
Ligand_692968 ,
Ligand_69437 ,
Ligand_694463 ,
Ligand_694610 ,
Ligand_694612 ,
Ligand_694720 ,
Ligand_694726 ,
Ligand_694759 ,
Ligand_694976 ,
Ligand_695068 ,
Ligand_6954241 ,
Ligand_695512 ,
Ligand_695513 ,
Ligand_695539 ,
Ligand_696227 ,
Ligand_69774 ,
Ligand_698307 ,
Ligand_698312 ,
Ligand_698320 ,
Ligand_698324 ,
Ligand_698330 ,
Ligand_698880 ,
Ligand_69894 ,
Ligand_699175 ,
Ligand_699635 ,
Ligand_700620 ,
Ligand_701775 ,
Ligand_7020615 ,
Ligand_702538 ,
Ligand_702608 ,
Ligand_704700 ,
Ligand_705104 ,
Ligand_706270 ,
Ligand_706708 ,
Ligand_708236 ,
Ligand_708265 ,
Ligand_708646 ,
Ligand_709474 ,
Ligand_709816 ,
Ligand_709817 ,
Ligand_709819 ,
Ligand_709821 ,
Ligand_709850 ,
Ligand_709955 ,
Ligand_7100622 ,
Ligand_7101716 ,
Ligand_710753 ,
Ligand_712623 ,
Ligand_7126686 ,
Ligand_7126688 ,
Ligand_7126692 ,
Ligand_7126695 ,
Ligand_7126696 ,
Ligand_7126697 ,
Ligand_7126698 ,
Ligand_7126699 ,
Ligand_7126706 ,
Ligand_7129663 ,
Ligand_7129664 ,
Ligand_713012 ,
Ligand_713152 ,
Ligand_713993 ,
Ligand_716094 ,
Ligand_716141 ,
Ligand_716526 ,
Ligand_716681 ,
Ligand_716683 ,
Ligand_716687 ,
Ligand_717120 ,
Ligand_717683 ,
Ligand_717810 ,
Ligand_718785 ,
Ligand_7198221 ,
Ligand_7198223 ,
Ligand_7198850 ,
Ligand_720760 ,
Ligand_721083 ,
Ligand_721085 ,
Ligand_721091 ,
Ligand_721097 ,
Ligand_721100 ,
Ligand_721248 ,
Ligand_721406 ,
Ligand_72281 ,
Ligand_72304 ,
Ligand_7240933 ,
Ligand_724177 ,
Ligand_724179 ,
Ligand_724180 ,
Ligand_724181 ,
Ligand_724182 ,
Ligand_724184 ,
Ligand_724189 ,
Ligand_724191 ,
Ligand_724194 ,
Ligand_724196 ,
Ligand_724208 ,
Ligand_724217 ,
Ligand_724219 ,
Ligand_7251175 ,
Ligand_725572 ,
Ligand_7263759 ,
Ligand_7263768 ,
Ligand_7263774 ,
Ligand_7269119 ,
Ligand_7275437 ,
Ligand_7275447 ,
Ligand_7275698 ,
Ligand_7275700 ,
Ligand_728533 ,
Ligand_728809 ,
Ligand_728868 ,
Ligand_730449 ,
Ligand_731482 ,
Ligand_731636 ,
Ligand_731650 ,
Ligand_732043 ,
Ligand_732122 ,
Ligand_732152 ,
Ligand_7326268 ,
Ligand_733128 ,
Ligand_733144 ,
Ligand_733210 ,
Ligand_734288 ,
Ligand_734291 ,
Ligand_734295 ,
Ligand_734936 ,
Ligand_735434 ,
Ligand_736934 ,
Ligand_7372758 ,
Ligand_737307 ,
Ligand_737853 ,
Ligand_739910 ,
Ligand_740904 ,
Ligand_740982 ,
Ligand_74217 ,
Ligand_745278 ,
Ligand_746091 ,
Ligand_746565 ,
Ligand_747782 ,
Ligand_748692 ,
Ligand_749238 ,
Ligand_749749 ,
Ligand_753158 ,
Ligand_753170 ,
Ligand_753227 ,
Ligand_753235 ,
Ligand_75409 ,
Ligand_754508 ,
Ligand_756377 ,
Ligand_759294 ,
Ligand_759338 ,
Ligand_762929 ,
Ligand_766550 ,
Ligand_767062 ,
Ligand_767064 ,
Ligand_76890 ,
Ligand_7692962 ,
Ligand_77016 ,
Ligand_773396 ,
Ligand_773397 ,
Ligand_773398 ,
Ligand_774909 ,
Ligand_77553 ,
Ligand_7762252 ,
Ligand_7784697 ,
Ligand_77966 ,
Ligand_779866 ,
Ligand_780564 ,
Ligand_781371 ,
Ligand_7815772 ,
Ligand_7819144 ,
Ligand_783308 ,
Ligand_784970 ,
Ligand_786655 ,
Ligand_793599 ,
Ligand_793813 ,
Ligand_7941318 ,
Ligand_7947636 ,
Ligand_7988180 ,
Ligand_802347 ,
Ligand_803170 ,
Ligand_803183 ,
Ligand_8033611 ,
Ligand_8033621 ,
Ligand_8033623 ,
Ligand_8033624 ,
Ligand_8033693 ,
Ligand_8033694 ,
Ligand_805307 ,
Ligand_806420 ,
Ligand_807442 ,
Ligand_808181 ,
Ligand_809813 ,
Ligand_8122157 ,
Ligand_8197498 ,
Ligand_821357 ,
Ligand_821624 ,
Ligand_822792 ,
Ligand_827200 ,
Ligand_827944 ,
Ligand_829746 ,
Ligand_830119 ,
Ligand_830498 ,
Ligand_830921 ,
Ligand_841489 ,
Ligand_844698 ,
Ligand_8447885 ,
Ligand_844951 ,
Ligand_847325 ,
Ligand_854333 ,
Ligand_860411 ,
Ligand_8616 ,
Ligand_863641 ,
Ligand_8660306 ,
Ligand_866318 ,
Ligand_867466 ,
Ligand_869045 ,
Ligand_869066 ,
Ligand_869109 ,
Ligand_869121 ,
Ligand_870305 ,
Ligand_871153 ,
Ligand_872297 ,
Ligand_872422 ,
Ligand_87247 ,
Ligand_876633 ,
Ligand_878237 ,
Ligand_879257 ,
Ligand_879269 ,
Ligand_879277 ,
Ligand_879342 ,
Ligand_879344 ,
Ligand_879355 ,
Ligand_879361 ,
Ligand_879362 ,
Ligand_879381 ,
Ligand_879391 ,
Ligand_879394 ,
Ligand_879400 ,
Ligand_879402 ,
Ligand_879459 ,
Ligand_879475 ,
Ligand_879516 ,
Ligand_879552 ,
Ligand_88281 ,
Ligand_8832650 ,
Ligand_886516 ,
Ligand_886726 ,
Ligand_88922916 ,
Ligand_889365 ,
Ligand_889484 ,
Ligand_889896 ,
Ligand_889937 ,
Ligand_890168 ,
Ligand_890524 ,
Ligand_890551 ,
Ligand_891600 ,
Ligand_897276 ,
Ligand_898050 ,
Ligand_898402 ,
Ligand_898662 ,
Ligand_902984 ,
Ligand_904770 ,
Ligand_9064 ,
Ligand_906751 ,
Ligand_907147 ,
Ligand_907633 ,
Ligand_907750 ,
Ligand_907815 ,
Ligand_908095 ,
Ligand_908184 ,
Ligand_908250 ,
Ligand_908263 ,
Ligand_908288 ,
Ligand_908448 ,
Ligand_908697 ,
Ligand_908886 ,
Ligand_908910 ,
Ligand_908923 ,
Ligand_908996 ,
Ligand_910172 ,
Ligand_914549 ,
Ligand_91553 ,
Ligand_919250 ,
Ligand_9218760 ,
Ligand_92449532 ,
Ligand_92532294 ,
Ligand_92533237 ,
Ligand_92533997 ,
Ligand_927872 ,
Ligand_928228 ,
Ligand_928328 ,
Ligand_92852039 ,
Ligand_92859128 ,
Ligand_92913545 ,
Ligand_92913586 ,
Ligand_92913604 ,
Ligand_92913614 ,
Ligand_92913628 ,
Ligand_92913927 ,
Ligand_929248 ,
Ligand_92947959 ,
Ligand_92954341 ,
Ligand_92956261 ,
Ligand_92959595 ,
Ligand_92960574 ,
Ligand_92961970 ,
Ligand_92968477 ,
Ligand_92970871 ,
Ligand_92971357 ,
Ligand_92972786 ,
Ligand_92988916 ,
Ligand_93001382 ,
Ligand_930071 ,
Ligand_930171 ,
Ligand_930211 ,
Ligand_93031738 ,
Ligand_930492 ,
Ligand_930509 ,
Ligand_93052467 ,
Ligand_93054513 ,
Ligand_930616 ,
Ligand_930715 ,
Ligand_930720 ,
Ligand_93093915 ,
Ligand_93094690 ,
Ligand_932 ,
Ligand_935495 ,
Ligand_941161 ,
Ligand_94381 ,
Ligand_944395 ,
Ligand_9510953 ,
Ligand_95168 ,
Ligand_952920 ,
Ligand_953009 ,
Ligand_953056 ,
Ligand_9552189 ,
Ligand_955565 ,
Ligand_9556834 ,
Ligand_956517 ,
Ligand_9579172 ,
Ligand_9579173 ,
Ligand_9579174 ,
Ligand_958254 ,
Ligand_958663 ,
Ligand_958681 ,
Ligand_958801 ,
Ligand_958805 ,
Ligand_9608953 ,
Ligand_9612273 ,
Ligand_96225 ,
Ligand_9635324 ,
Ligand_9636188 ,
Ligand_9645772 ,
Ligand_9647297 ,
Ligand_9648663 ,
Ligand_9656697 ,
Ligand_9658392 ,
Ligand_9659893 ,
Ligand_9663945 ,
Ligand_9664716 ,
Ligand_9665981 ,
Ligand_9665983 ,
Ligand_9666070 ,
Ligand_9666579 ,
Ligand_9667362 ,
Ligand_9668966 ,
Ligand_9670461 ,
Ligand_9670677 ,
Ligand_9671095 ,
Ligand_9671182 ,
Ligand_9676722 ,
Ligand_9678018 ,
Ligand_9678027 ,
Ligand_9678603 ,
Ligand_9682442 ,
Ligand_96843008 ,
Ligand_9687985 ,
Ligand_96884707 ,
Ligand_970160 ,
Ligand_970707 ,
Ligand_970761 ,
Ligand_970869 ,
Ligand_971329 ,
Ligand_971374 ,
Ligand_97141 ,
Ligand_97143 ,
Ligand_972215 ,
Ligand_97303798 ,
Ligand_97741678 ,
Ligand_978101 ,
Ligand_978205 ,
Ligand_978581 ,
Ligand_97872347 ,
Ligand_97987142 ,
Ligand_97996989 ,
Ligand_97996996 ,
Ligand_97997041 ,
Ligand_97997045 ,
Ligand_97997097 ,
Ligand_97997103 ,
Ligand_97997104 ,
Ligand_982200 ,
Ligand_984128 ,
Ligand_986456 ,
Ligand_986547 ,
Ligand_99477 ,
Ligand_996220 ,
Ligand_997302 ,
Ligand_997608 ,
Ligand_998195 ,
Ligand_998547 ,
Ligand_99866399 ,
